MutationType	WTUN	WTAPH	B4UN	B4APH	WT-U_cleaned	WT-A_cleaned	G3-U_cleaned	G3-A_cleaned
A[C>A]A	1202	1102	205	172	1519	1556	145	141
A[C>A]C	696	623	91	73	657	679	48	49
A[C>A]G	288	236	30	20	312	302	9	11
A[C>A]T	747	693	144	107	712	687	72	68
C[C>A]A	911	835	180	160	988	976	147	147
C[C>A]C	630	567	104	93	519	529	45	43
C[C>A]G	242	221	31	22	250	253	10	16
C[C>A]T	809	723	190	144	765	795	101	97
G[C>A]A	823	728	142	124	1175	1174	156	174
G[C>A]C	491	442	82	50	427	449	29	33
G[C>A]G	194	184	25	24	214	216	14	17
G[C>A]T	565	496	139	117	813	785	101	99
T[C>A]A	942	865	236	172	1108	1107	179	169
T[C>A]C	662	587	129	122	744	760	110	103
T[C>A]G	181	178	40	32	214	224	19	20
T[C>A]T	1274	1143	311	221	1724	1755	266	256
A[C>G]A	870	750	129	89	886	887	82	92
A[C>G]C	407	348	83	68	429	442	62	57
A[C>G]G	252	243	29	22	237	247	22	22
A[C>G]T	674	619	95	101	735	784	58	55
C[C>G]A	401	370	61	47	415	398	43	40
C[C>G]C	391	348	74	46	335	343	25	25
C[C>G]G	196	195	25	20	154	165	9	7
C[C>G]T	527	485	100	75	477	495	55	57
G[C>G]A	408	372	54	31	404	417	28	33
G[C>G]C	299	271	45	32	325	332	24	28
G[C>G]G	180	157	19	10	173	169	9	8
G[C>G]T	363	326	62	48	405	432	45	28
T[C>G]A	985	888	134	104	913	883	91	88
T[C>G]C	570	541	112	86	554	579	89	76
T[C>G]G	201	193	26	13	185	184	11	9
T[C>G]T	1454	1325	221	164	1395	1444	177	172
A[C>T]A	1768	1621	227	168	1830	1850	140	130
A[C>T]C	955	838	135	101	993	998	56	55
A[C>T]G	2074	1925	98	75	1879	1910	37	36
A[C>T]T	1443	1322	139	107	1556	1527	74	80
C[C>T]A	1254	1131	209	170	1402	1429	137	147
C[C>T]C	1135	1016	152	138	1181	1184	57	52
C[C>T]G	1686	1508	87	82	1488	1489	33	35
C[C>T]T	1463	1323	191	143	1480	1493	92	82
G[C>T]A	928	852	145	118	1080	1080	91	89
G[C>T]C	901	819	117	79	939	960	52	49
G[C>T]G	1517	1350	91	63	1242	1251	27	30
G[C>T]T	1070	990	113	88	1184	1178	69	56
T[C>T]A	1702	1549	248	216	1672	1736	174	173
T[C>T]C	1465	1361	219	173	1634	1625	110	89
T[C>T]G	1244	1150	69	64	1127	1150	19	20
T[C>T]T	1655	1492	215	167	1856	1848	125	144
A[T>A]A	604	497	122	65	484	489	42	43
A[T>A]C	386	369	53	19	368	383	30	31
A[T>A]G	507	445	77	55	481	472	33	41
A[T>A]T	619	550	113	83	564	590	48	52
C[T>A]A	278	262	72	51	290	282	34	35
C[T>A]C	410	354	62	46	359	378	30	27
C[T>A]G	412	382	66	61	382	380	34	27
C[T>A]T	519	479	88	61	446	449	33	28
G[T>A]A	245	249	47	27	194	186	24	26
G[T>A]C	208	201	31	34	187	202	21	18
G[T>A]G	310	291	60	37	261	241	25	22
G[T>A]T	379	370	65	55	352	349	24	32
T[T>A]A	578	503	145	82	508	510	53	51
T[T>A]C	311	281	84	57	323	326	51	41
T[T>A]G	284	269	71	54	261	278	22	26
T[T>A]T	634	554	151	110	627	645	85	63
A[T>C]A	1808	1665	349	283	1809	1778	209	211
A[T>C]C	752	732	87	55	916	996	38	32
A[T>C]G	2065	1915	177	115	1963	1970	83	72
A[T>C]T	1463	1281	189	170	1552	1593	97	104
C[T>C]A	923	850	145	115	884	881	96	101
C[T>C]C	793	727	88	54	816	821	41	50
C[T>C]G	1534	1432	97	82	1497	1504	54	56
C[T>C]T	1162	1024	126	88	1031	1085	72	59
G[T>C]A	836	747	110	90	789	797	74	66
G[T>C]C	713	648	44	35	681	711	39	35
G[T>C]G	1204	1092	72	83	1206	1231	34	41
G[T>C]T	959	862	94	75	881	865	60	54
T[T>C]A	963	936	287	228	1010	1006	170	174
T[T>C]C	845	758	101	62	869	895	73	66
T[T>C]G	1109	982	113	96	1066	1077	62	62
T[T>C]T	1208	1120	171	154	1269	1232	123	119
A[T>G]A	474	445	63	43	480	477	23	24
A[T>G]C	223	198	37	31	239	233	17	21
A[T>G]G	407	358	52	38	431	426	26	30
A[T>G]T	417	373	96	51	478	510	41	36
C[T>G]A	207	179	45	30	207	210	19	23
C[T>G]C	263	234	27	21	274	278	21	18
C[T>G]G	320	279	38	47	324	353	21	22
C[T>G]T	362	333	92	54	378	382	32	30
G[T>G]A	257	236	26	22	277	271	17	17
G[T>G]C	190	170	16	13	188	210	9	8
G[T>G]G	357	314	51	37	393	395	24	20
G[T>G]T	428	388	35	35	454	454	29	28
T[T>G]A	470	422	87	64	462	468	47	35
T[T>G]C	379	351	61	46	453	458	34	34
T[T>G]G	522	454	97	80	545	582	52	52
T[T>G]T	783	669	171	128	895	916	86	91
